EMERGENCY FUND & RUNWAY CALCULATOR,,,,,,
,,,,,,
FINANCIAL OVERVIEW,,,,,,
As of Date:,[DATE],,Target Months Runway:,6,,
,,,,,,
=== SECTION 1: CURRENT ASSETS ===,,,,,,
,,,,,,
LIQUID ASSETS (Immediately Accessible),,,,,,
Account,Institution,Balance,Interest Rate,Notes,,
Primary Checking,,[AMOUNT],0%,Daily expenses,,
Secondary Checking,,[AMOUNT],0%,Bills/transfers,,
Primary Savings,,[AMOUNT],[X]%,Emergency fund,,
High-Yield Savings,,[AMOUNT],[X]%,Backup emergency,,
Money Market,,[AMOUNT],[X]%,,,
Other Liquid:,,[AMOUNT],,,,,
TOTAL LIQUID ASSETS,,,$0,,,
,,,,,,
SEMI-LIQUID ASSETS (7-30 days to access),,,,,,
Account,Type,Balance,Early Withdrawal Penalty,Notes,,
Brokerage (Non-retirement),,[AMOUNT],Capital gains tax,Could sell if needed,,
CD (when matures),,[AMOUNT],[X] months penalty,Maturity date: [DATE],,
I-Bonds (after 1 year),,[AMOUNT],3 months interest,,,
Other:,,[AMOUNT],,,,
TOTAL SEMI-LIQUID,,,$0,,,
,,,,,,
NOT ACCESSIBLE (For reference only),,,,,,
Account,Type,Balance,Notes,,,
401(k),,[AMOUNT],10% penalty + taxes before 59.5,,
IRA,,[AMOUNT],10% penalty + taxes before 59.5,,
HSA (for medical only),,[AMOUNT],Medical expenses tax-free,,
529 Plan,,[AMOUNT],Education expenses only,,
TOTAL RETIREMENT,,,$0,Not counted in runway,,
,,,,,,
=== SECTION 2: MONTHLY EXPENSES ===,,,,,,
,,,,,,
ESSENTIAL EXPENSES (Cannot Cut),,,,,,
Category,Monthly Amount,Annual Amount,Notes,Priority,Auto-Pay?
Mortgage/Rent,$0,$0,,1,
Property Tax (monthly),$0,$0,If not in mortgage,1,
Home Insurance,$0,$0,If not in mortgage,1,
Utilities - Electric,$0,$0,,1,
Utilities - Gas,$0,$0,,1,
Utilities - Water/Sewer,$0,$0,,1,
Phone (basic plan),$0,$0,,1,
Internet,$0,$0,Required for job search,1,
Health Insurance,$0,$0,CRITICAL,1,
Prescriptions,$0,$0,,1,
Car Payment,$0,$0,,1,
Car Insurance,$0,$0,,1,
Gas/Transportation,$0,$0,,1,
Groceries,$0,$0,Basic level,1,
Minimum Debt Payments,$0,$0,,1,
Child Support/Alimony,$0,$0,If applicable,1,
TOTAL ESSENTIAL,$0,$0,,,
,,,,,,
IMPORTANT BUT REDUCIBLE,,,,,,
Category,Current,Reduced,Savings,Priority,Notes
Groceries (reduction),$0,$0,$0,2,Could meal plan more
Subscriptions,$0,$0,$0,2,Cancel non-essential
Gym/Fitness,$0,$0,$0,2,Home workouts
Dining Out,$0,$0,$0,3,Eliminate if needed
Entertainment,$0,$0,$0,3,Free alternatives
Personal Care,$0,$0,$0,2,Reduce frequency
Clothing,$0,$0,$0,3,Only essentials
Gifts,$0,$0,$0,3,Reduce
Kids Activities,$0,$0,$0,2,Prioritize essentials
Other:,$0,$0,$0,,
TOTAL REDUCIBLE,$0,$0,$0,,
,,,,,,
MONTHLY EXPENSE SUMMARY,,,,,,
Expense Level,Amount,Description,,,
Survival Mode,$0,Essential only - absolute minimum,,,
Reduced Mode,$0,Essential + reduced important,,,
Current Mode,$0,Current spending level,,,
,,,,,,
=== SECTION 3: INCOME SOURCES ===,,,,,,
,,,,,,
CURRENT INCOME,,,,,,
Source,Monthly (Net),Status,End Date,Notes,,
Primary Employment,$0,Active/Ended,[DATE],,
Spouse/Partner Income,$0,Active/Ended,[DATE],,
Side Business (BizDeedz),$0,Active,[Ongoing],,
Freelance/Contract,$0,Variable,,,
Rental Income,$0,Active,,,
Dividends/Interest,$0,Passive,,,
Other:,$0,,,,
TOTAL CURRENT INCOME,$0,,,,
,,,,,,
POTENTIAL INCOME SOURCES,,,,,,
Source,Estimated Monthly,Probability,Timeline to Start,Notes,,
Unemployment Benefits,$0,High/Med/Low,,[STATE] max benefit,,
New Job (at target salary),$0,TBD,60-90 days typical,,
BizDeedz Client (EDGE),$2500,TBD,30 days,One-time per client,,
BizDeedz Client (FLOW),$7500,TBD,60 days,One-time per client,,
Retainer Client,$0,TBD,60 days,Monthly recurring,,
Freelance/Consulting,$0,TBD,Immediate,,
Gig Work (backup),$0,High,Immediate,DoorDash/Uber,,
Asset Sales,$0,If needed,7-30 days,Valuables list:,,
,,,,,,
=== SECTION 4: RUNWAY CALCULATIONS ===,,,,,,
,,,,,,
SCENARIO A: NO INCOME (Job Loss),,,,,,
Calculation,Formula,Amount,,,
Total Liquid Assets,,$0,,,
Monthly Survival Expenses,,$0,,,
RUNWAY (Survival Mode),Assets / Expenses,#DIV/0! months,,,
,,,,,,
Monthly Reduced Expenses,,$0,,,
RUNWAY (Reduced Mode),Assets / Expenses,#DIV/0! months,,,
,,,,,,
SCENARIO B: WITH UNEMPLOYMENT,,,,,,
Calculation,Formula,Amount,,,
Total Liquid Assets,,$0,,,
Unemployment Income (monthly),,$0,,,
Monthly Survival Expenses,,$0,,,
Monthly Gap,Expenses - Unemployment,$0,,,
RUNWAY (With Unemployment),Assets / Gap,#DIV/0! months,,,
,,,,,,
SCENARIO C: BRIDGE WITH SIDE INCOME,,,,,,
Calculation,Formula,Amount,,,
Total Liquid Assets,,$0,,,
Expected Side Income,,$0,,,
Unemployment (if applicable),,$0,,,
Total Bridge Income,,$0,,,
Monthly Reduced Expenses,,$0,,,
Monthly Gap,Expenses - Bridge Income,$0,,,
RUNWAY (Bridge Mode),Assets / Gap,#DIV/0! months,,,
,,,,,,
=== SECTION 5: EMERGENCY FUND HEALTH ===,,,,,,
,,,,,,
EMERGENCY FUND STATUS,,,,,,
Metric,Recommended,Current,Gap,Status,,
Months Runway (Survival),6 months,#DIV/0!,#DIV/0!,Red/Yellow/Green,,
Months Runway (Reduced),4 months,#DIV/0!,#DIV/0!,Red/Yellow/Green,,
Emergency Fund Target,$0,$0,$0,Based on 6x survival,,
,,,,,,
HEALTH SCORE,,,,,,
Score,Criteria,Your Status,,,
Green,6+ months runway,,,,,
Yellow,3-6 months runway,,,,,
Red,Less than 3 months runway,,,,,
,,,,,,
=== SECTION 6: ACTION PLAN ===,,,,,,
,,,,,,
IMMEDIATE ACTIONS (If Income Drops),,,,,,
Priority,Action,Impact,Done,,,
1,File for unemployment,[Estimated benefit],,,,
2,Cancel non-essential subscriptions,$X/month,,,,
3,Switch to survival grocery budget,$X/month,,,,
4,Negotiate bills (internet/phone/insurance),$X/month,,,,
5,Pause retirement contributions (temporary),$X/month,,,,
6,Notify creditors if needed,Avoid late fees,,,,
,,,,,,
INCOME ACCELERATION,,,,,,
Priority,Action,Potential Income,Timeline,Done,,
1,Apply to 5-7 jobs per week,Job = runway end,,,,
2,Reach out to BizDeedz prospects,$2500-25000,30-60 days,,,
3,Contact recruiters,Faster placement,,,,
4,Network with former colleagues,Referrals,,,,
5,List items to sell (if needed),$X,7-30 days,,,
,,,,,,
RUNWAY EXTENSION TACTICS,,,,,,
Tactic,Savings/Gain,Notes,,,,
Refinance mortgage,,$X/month,If rates favorable,,,
Defer student loans,,$X/month,Forbearance option,,,
Reduce car insurance,,$X/month,Higher deductible,,,
Switch phone plans,,$X/month,MVNO carrier,,,
Cancel streaming,,$X/month,Library = free,,,
Meal prep rigorously,,$X/month,No eating out,,,
,,,,,,
=== WEEKLY CHECK-IN ===,,,,,,
Week of,Liquid Assets,Expenses (Week),Income (Week),Net Change,Updated Runway
[DATE],$0,$0,$0,$0,#DIV/0!
[DATE],$0,$0,$0,$0,#DIV/0!
[DATE],$0,$0,$0,$0,#DIV/0!
[DATE],$0,$0,$0,$0,#DIV/0!
,,,,,,
=== NOTES ===,,,,,,
,,,,,,
Important Contacts:,,,,,,
- Unemployment Office: [PHONE/WEBSITE],,,,,,
- Health Insurance Broker: [CONTACT],,,,,,
- Financial Advisor: [CONTACT],,,,,,
- Mortgage Company: [CONTACT],,,,,,
,,,,,,
Key Dates:,,,,,,
- Last paycheck expected: [DATE],,,,,,
- COBRA election deadline: 60 days from coverage loss,,,,,,
- Unemployment filing deadline: Varies by state,,,,,,
,,,,,,
