BIZDEEDZ CLIENT ONBOARDING CHECKLIST,,,,,,
Project Name:,[CLIENT PROJECT NAME],,Start Date:,[DATE],,
Client:,[CLIENT NAME],,Project Lead:,[YOUR NAME],,
,,,,,,
PHASE,TASK,OWNER,DUE DATE,STATUS,NOTES,COMPLETED DATE
,,,,,,
PRE-KICKOFF,Contract & payment confirmed,BizDeedz,,Not Started,,
PRE-KICKOFF,Send welcome email with next steps,BizDeedz,,Not Started,,
PRE-KICKOFF,Schedule kickoff meeting,BizDeedz,,Not Started,,
PRE-KICKOFF,Send pre-kickoff questionnaire,BizDeedz,,Not Started,,
PRE-KICKOFF,Receive completed questionnaire,Client,,Not Started,,
PRE-KICKOFF,Create project folder structure,BizDeedz,,Not Started,,
PRE-KICKOFF,Add client to project management tool,BizDeedz,,Not Started,,
PRE-KICKOFF,Prepare kickoff presentation,BizDeedz,,Not Started,,
,,,,,,
KICKOFF MEETING,Introductions and roles confirmed,Both,,Not Started,,
KICKOFF MEETING,Review project scope and objectives,BizDeedz,,Not Started,,
KICKOFF MEETING,Confirm success criteria and KPIs,Both,,Not Started,,
KICKOFF MEETING,Review timeline and milestones,BizDeedz,,Not Started,,
KICKOFF MEETING,Identify stakeholders for interviews,Client,,Not Started,,
KICKOFF MEETING,Establish communication cadence,Both,,Not Started,,
KICKOFF MEETING,Review change management process,BizDeedz,,Not Started,,
KICKOFF MEETING,Confirm primary point of contact,Client,,Not Started,,
KICKOFF MEETING,Address initial questions/concerns,Both,,Not Started,,
KICKOFF MEETING,Document action items and owners,BizDeedz,,Not Started,,
,,,,,,
ACCESS & SETUP,Receive system access credentials,Client,,Not Started,,
ACCESS & SETUP,NDA/security documentation completed,Both,,Not Started,,
ACCESS & SETUP,Access to primary systems verified,BizDeedz,,Not Started,,
ACCESS & SETUP,Access to secondary systems verified,BizDeedz,,Not Started,,
ACCESS & SETUP,Test environment access confirmed,BizDeedz,,Not Started,,
ACCESS & SETUP,Document repository access granted,Client,,Not Started,,
ACCESS & SETUP,Calendar access for scheduling,Both,,Not Started,,
ACCESS & SETUP,Communication channel setup (Slack/Teams),Both,,Not Started,,
,,,,,,
DISCOVERY,Schedule stakeholder interview 1,BizDeedz,,Not Started,,
DISCOVERY,Schedule stakeholder interview 2,BizDeedz,,Not Started,,
DISCOVERY,Schedule stakeholder interview 3,BizDeedz,,Not Started,,
DISCOVERY,Conduct stakeholder interview 1,BizDeedz,,Not Started,,
DISCOVERY,Conduct stakeholder interview 2,BizDeedz,,Not Started,,
DISCOVERY,Conduct stakeholder interview 3,BizDeedz,,Not Started,,
DISCOVERY,Receive sample documents/data,Client,,Not Started,,
DISCOVERY,Document current state workflows,BizDeedz,,Not Started,,
DISCOVERY,Map existing technology stack,BizDeedz,,Not Started,,
DISCOVERY,Identify pain points and bottlenecks,BizDeedz,,Not Started,,
DISCOVERY,Calculate baseline metrics,BizDeedz,,Not Started,,
DISCOVERY,Complete AI Readiness Assessment,BizDeedz,,Not Started,,
DISCOVERY,Draft discovery findings report,BizDeedz,,Not Started,,
DISCOVERY,Present discovery findings to client,BizDeedz,,Not Started,,
DISCOVERY,Receive client feedback on findings,Client,,Not Started,,
,,,,,,
STATUS TRACKING,,,,,,
Status Options:,Not Started,In Progress,Blocked,Complete,N/A,
,,,,,,
NOTES & ISSUES,,,,,,
Date,Issue/Note,Owner,Resolution,Status,,
,,,,,,
,,,,,,
,,,,,,
