BIZDEEDZ PROJECT MILESTONE TRACKER,,,,,,,,
,,,,,,,,
PROJECT INFORMATION,,,,,,,,
Project Name:,[PROJECT NAME],,Client:,[CLIENT NAME],,Start Date:,[DATE],
Project Manager:,[YOUR NAME],,Budget:,$[AMOUNT],,Target End:,[DATE],
,,,,,,,,
MILESTONE SUMMARY,,,,,,,,
Milestone,Phase,Target Date,Actual Date,Status,% Complete,Budget,Spent,Notes
M1 - Project Kickoff,Phase 1,,,Not Started,0%,$0,$0,
M2 - Discovery Complete,Phase 1,,,Not Started,0%,$0,$0,
M3 - Design Approved,Phase 2,,,Not Started,0%,$0,$0,
M4 - Build Complete,Phase 3,,,Not Started,0%,$0,$0,
M5 - Testing Complete,Phase 4,,,Not Started,0%,$0,$0,
M6 - Training Complete,Phase 4,,,Not Started,0%,$0,$0,
M7 - Go-Live,Phase 5,,,Not Started,0%,$0,$0,
M8 - Project Close,Phase 5,,,Not Started,0%,$0,$0,
,,,,,,,,
DETAILED TASK TRACKING,,,,,,,,
Phase,Task ID,Task Name,Assigned To,Start Date,Due Date,Status,Hours Est,Hours Actual
Phase 1 - Discovery,1.1,Kickoff meeting preparation,,,,Not Started,2,
Phase 1 - Discovery,1.2,Conduct kickoff meeting,,,,Not Started,2,
Phase 1 - Discovery,1.3,Stakeholder interview 1,,,,Not Started,1.5,
Phase 1 - Discovery,1.4,Stakeholder interview 2,,,,Not Started,1.5,
Phase 1 - Discovery,1.5,Stakeholder interview 3,,,,Not Started,1.5,
Phase 1 - Discovery,1.6,Document current state,,,,Not Started,4,
Phase 1 - Discovery,1.7,Map technology stack,,,,Not Started,2,
Phase 1 - Discovery,1.8,Calculate baseline metrics,,,,Not Started,3,
Phase 1 - Discovery,1.9,Complete AI readiness assessment,,,,Not Started,2,
Phase 1 - Discovery,1.10,Draft discovery report,,,,Not Started,4,
Phase 1 - Discovery,1.11,Present findings to client,,,,Not Started,2,
,,,,,,,,
Phase 2 - Design,2.1,Solution architecture draft,,,,Not Started,6,
Phase 2 - Design,2.2,Integration specifications,,,,Not Started,4,
Phase 2 - Design,2.3,Workflow diagrams,,,,Not Started,4,
Phase 2 - Design,2.4,Tool selection and justification,,,,Not Started,2,
Phase 2 - Design,2.5,Implementation plan,,,,Not Started,4,
Phase 2 - Design,2.6,Design review meeting,,,,Not Started,2,
Phase 2 - Design,2.7,Incorporate client feedback,,,,Not Started,3,
Phase 2 - Design,2.8,Obtain design approval,,,,Not Started,1,
,,,,,,,,
Phase 3 - Build,3.1,Environment setup,,,,Not Started,4,
Phase 3 - Build,3.2,Automation workflow 1,,,,Not Started,8,
Phase 3 - Build,3.3,Automation workflow 2,,,,Not Started,8,
Phase 3 - Build,3.4,Automation workflow 3,,,,Not Started,8,
Phase 3 - Build,3.5,Integration development,,,,Not Started,12,
Phase 3 - Build,3.6,Internal testing,,,,Not Started,6,
Phase 3 - Build,3.7,Bug fixes and adjustments,,,,Not Started,4,
Phase 3 - Build,3.8,Documentation drafting,,,,Not Started,6,
,,,,,,,,
Phase 4 - Test & Train,4.1,Prepare UAT test cases,,,,Not Started,3,
Phase 4 - Test & Train,4.2,Conduct UAT with client,,,,Not Started,4,
Phase 4 - Test & Train,4.3,Document and resolve issues,,,,Not Started,6,
Phase 4 - Test & Train,4.4,Prepare training materials,,,,Not Started,4,
Phase 4 - Test & Train,4.5,Training session 1,,,,Not Started,2,
Phase 4 - Test & Train,4.6,Training session 2,,,,Not Started,2,
Phase 4 - Test & Train,4.7,Finalize documentation,,,,Not Started,3,
,,,,,,,,
Phase 5 - Deploy,5.1,Production deployment,,,,Not Started,4,
Phase 5 - Deploy,5.2,Data migration (if applicable),,,,Not Started,4,
Phase 5 - Deploy,5.3,Hypercare support Day 1-3,,,,Not Started,6,
Phase 5 - Deploy,5.4,Hypercare support Day 4-7,,,,Not Started,4,
Phase 5 - Deploy,5.5,Performance monitoring,,,,Not Started,3,
Phase 5 - Deploy,5.6,Optimization adjustments,,,,Not Started,4,
Phase 5 - Deploy,5.7,Final review meeting,,,,Not Started,2,
Phase 5 - Deploy,5.8,Project sign-off obtained,,,,Not Started,1,
Phase 5 - Deploy,5.9,Lessons learned documentation,,,,Not Started,2,
,,,,,,,,
RISK LOG,,,,,,,,
Risk ID,Description,Probability,Impact,Mitigation,Owner,Status,Date Identified,
R1,Delayed system access,Medium,High,Early request and escalation path,Client,,
R2,Stakeholder availability,Medium,Medium,Flexible scheduling,Both,,
R3,Integration complexity,Low,High,POC and technical discovery,BizDeedz,,
R4,Change resistance,Medium,Medium,Training and change management,Both,,
,,,,,,,,
CHANGE LOG,,,,,,,,
Change ID,Description,Requested By,Date Requested,Impact,Status,Approved By,Date Approved
,,,,,,,,
,,,,,,,,
STATUS KEY,,,,,,,,
Not Started,Task has not begun,,,,,,,
In Progress,Currently being worked on,,,,,,,
On Hold,Paused pending resolution,,,,,,,
Complete,Task finished,,,,,,,
Blocked,Cannot proceed - issue logged,,,,,,,
