BIZDEEDZ ROI CALCULATOR FOR PROSPECTS,,,,,
,,,,,
CLIENT INFORMATION,,,,,
Company Name:,[PROSPECT NAME],,Date:,[DATE],
Prepared By:,[YOUR NAME],,Industry:,[INDUSTRY],
,,,,,
=== SECTION 1: CURRENT STATE COSTS ===,,,,,
,,,,,
LABOR COSTS (MANUAL PROCESSES),,,,,
Process/Task,Hours per Week,Staff Count,Hourly Rate,Weekly Cost,Annual Cost
Data entry and document processing,0,0,$0,$0,$0
Compliance tracking and updates,0,0,$0,$0,$0
Report generation and formatting,0,0,$0,$0,$0
Email and communication management,0,0,$0,$0,$0
Calendar and scheduling coordination,0,0,$0,$0,$0
Status updates and client communication,0,0,$0,$0,$0
File organization and retrieval,0,0,$0,$0,$0
Cross-system data synchronization,0,0,$0,$0,$0
Other manual process 1:,0,0,$0,$0,$0
Other manual process 2:,0,0,$0,$0,$0
TOTAL MANUAL LABOR COSTS,0,,$0,$0,$0
,,,,,
ERROR AND REWORK COSTS,,,,,
Type,Incidents per Month,Cost per Incident,Monthly Cost,Annual Cost,
Data entry errors requiring correction,0,$0,$0,$0,
Missed deadlines and penalties,0,$0,$0,$0,
Compliance violations,0,$0,$0,$0,
Client complaints requiring remediation,0,$0,$0,$0,
Duplicate work / rework,0,$0,$0,$0,
TOTAL ERROR COSTS,0,$0,$0,$0,
,,,,,
OPPORTUNITY COSTS,,,,,
Category,Description,Monthly Impact,Annual Impact,,
Revenue lost to slow response times,,$0,$0,,
Business lost to competitors,,$0,$0,,
Upsell opportunities missed,,$0,$0,,
Staff turnover from burnout,,$0,$0,,
TOTAL OPPORTUNITY COSTS,,$0,$0,,
,,,,,
CURRENT TOTAL ANNUAL COST,,,,$0,
,,,,,
=== SECTION 2: PROJECTED SAVINGS WITH BIZDEEDZ ===,,,,,
,,,,,
AUTOMATION EFFICIENCY GAINS,,,,,
Process,Current Hours/Week,Hours Saved (%),Hours Saved,Hourly Rate,Annual Savings
Data entry and document processing,0,80%,0,$0,$0
Compliance tracking and updates,0,70%,0,$0,$0
Report generation and formatting,0,90%,0,$0,$0
Email and communication management,0,50%,0,$0,$0
Calendar and scheduling coordination,0,60%,0,$0,$0
Status updates and client communication,0,75%,0,$0,$0
File organization and retrieval,0,85%,0,$0,$0
Cross-system data synchronization,0,95%,0,$0,$0
TOTAL EFFICIENCY SAVINGS,0,,0,$0,$0
,,,,,
ERROR REDUCTION,,,,,
Type,Current Annual Cost,Reduction (%),Annual Savings,,
Data entry errors,0,90%,$0,,
Missed deadlines,0,95%,$0,,
Compliance violations,0,85%,$0,,
Client complaints,0,70%,$0,,
Rework,0,80%,$0,,
TOTAL ERROR REDUCTION SAVINGS,0,,$0,,
,,,,,
CAPACITY GAINS,,,,,
Metric,Hours Freed/Week,Value per Hour,Weekly Value,Annual Value,
Senior staff time recaptured,0,$0,$0,$0,
Capacity for additional clients,0,$0,$0,$0,
Strategic project time gained,0,$0,$0,$0,
TOTAL CAPACITY VALUE,0,$0,$0,$0,
,,,,,
TOTAL PROJECTED ANNUAL SAVINGS,,,,$0,
,,,,,
=== SECTION 3: INVESTMENT & ROI ANALYSIS ===,,,,,
,,,,,
BIZDEEDZ INVESTMENT,,,,,
Service Tier,One-Time Cost,Monthly (if retainer),Annual Cost,,
EDGE (Discovery & Roadmap),$2500,$0,$2500,,
FLOW (Implementation),$7500-15000,$0,$7500-15000,,
B.A.S.E. (Enterprise),$25000+,$0,$25000+,,
,,,,,
SELECTED INVESTMENT:,,,,$0,
,,,,,
ROI CALCULATIONS,,,,,
Metric,Value,Notes,,,
Total First Year Savings,$0,,,,
Less: Implementation Investment,$0,,,,
Net First Year Benefit,$0,,,,
,,,,,
First Year ROI,#DIV/0!,Formula: (Savings - Investment) / Investment,,,
Payback Period (Months),#DIV/0!,Formula: Investment / (Annual Savings / 12),,,
,,,,,
3-YEAR PROJECTION,,,,,
Year,Savings,Cumulative Savings,Investment,Net Benefit,
Year 1,$0,$0,$0,$0,
Year 2,$0,$0,$0,$0,
Year 3,$0,$0,$0,$0,
3-Year Total,$0,$0,$0,$0,
,,,,,
=== SECTION 4: INTANGIBLE BENEFITS ===,,,,,
,,,,,
QUALITATIVE IMPROVEMENTS,Value Rating (1-10),,,,
Employee satisfaction and retention,,,,,
Client experience and satisfaction,,,,,
Competitive advantage,,,,,
Scalability for growth,,,,,
Risk reduction,,,,,
Decision-making speed,,,,,
Work-life balance for team,,,,,
,,,,,
=== SECTION 5: SUMMARY ===,,,,,
,,,,,
EXECUTIVE SUMMARY,,,,,
Current annual cost of manual processes:,$0,,,,
Projected annual savings with automation:,$0,,,,
BizDeedz investment:,$0,,,,
Net first year benefit:,$0,,,,
ROI:,#DIV/0!,,,,
Payback period:,#DIV/0! months,,,,
,,,,,
RECOMMENDATION:,,,,,
[Based on analysis - custom recommendation here],,,,,
,,,,,
,,,,,
NOTES:,,,,,
- All figures are estimates based on client-provided data,,,,,
- Actual results may vary based on implementation and adoption,,,,,
- Savings percentages based on BizDeedz benchmarks and industry standards,,,,,
- ROI calculations assume consistent performance over projection period,,,,,
